"Line","Path"
"final class _JArrayListView<E extends JObject?>","C:\Users\Admin2\Documents\GitHub\primecare-platform\apps\primecare_auth\linux\flutter\ephemeral\.plugin_symlinks\jni\lib\src\jarray.dart"
"final class _JBooleanArrayListView","C:\Users\Admin2\Documents\GitHub\primecare-platform\apps\primecare_auth\linux\flutter\ephemeral\.plugin_symlinks\jni\lib\src\primitive_jarrays.dart"
"final class _JByteArrayListView with ListMixin<int>, NonGrowableListMixin<int> {","C:\Users\Admin2\Documents\GitHub\primecare-platform\apps\primecare_auth\linux\flutter\ephemeral\.plugin_symlinks\jni\lib\src\primitive_jarrays.dart"
"final class _JCharArrayListView with ListMixin<int>, NonGrowableListMixin<int> {","C:\Users\Admin2\Documents\GitHub\primecare-platform\apps\primecare_auth\linux\flutter\ephemeral\.plugin_symlinks\jni\lib\src\primitive_jarrays.dart"
"final class _JShortArrayListView","C:\Users\Admin2\Documents\GitHub\primecare-platform\apps\primecare_auth\linux\flutter\ephemeral\.plugin_symlinks\jni\lib\src\primitive_jarrays.dart"
"final class _JIntArrayListView with ListMixin<int>, NonGrowableListMixin<int> {","C:\Users\Admin2\Documents\GitHub\primecare-platform\apps\primecare_auth\linux\flutter\ephemeral\.plugin_symlinks\jni\lib\src\primitive_jarrays.dart"
"final class _JLongArrayListView with ListMixin<int>, NonGrowableListMixin<int> {","C:\Users\Admin2\Documents\GitHub\primecare-platform\apps\primecare_auth\linux\flutter\ephemeral\.plugin_symlinks\jni\lib\src\primitive_jarrays.dart"
"final class _JFloatArrayListView","C:\Users\Admin2\Documents\GitHub\primecare-platform\apps\primecare_auth\linux\flutter\ephemeral\.plugin_symlinks\jni\lib\src\primitive_jarrays.dart"
"final class _JDoubleArrayListView","C:\Users\Admin2\Documents\GitHub\primecare-platform\apps\primecare_auth\linux\flutter\ephemeral\.plugin_symlinks\jni\lib\src\primitive_jarrays.dart"
"class PdfPreviewAction extends StatelessWidget {","C:\Users\Admin2\Documents\GitHub\primecare-platform\apps\primecare_auth\linux\flutter\ephemeral\.plugin_symlinks\printing\lib\src\preview\actions.dart"
"class PdfPreviewData extends ChangeNotifier {","C:\Users\Admin2\Documents\GitHub\primecare-platform\apps\primecare_auth\linux\flutter\ephemeral\.plugin_symlinks\printing\lib\src\preview\controller.dart"
"class PdfPreviewController extends InheritedNotifier {","C:\Users\Admin2\Documents\GitHub\primecare-platform\apps\primecare_auth\linux\flutter\ephemeral\.plugin_symlinks\printing\lib\src\preview\controller.dart"
"class PdfPreviewCustom extends StatefulWidget {","C:\Users\Admin2\Documents\GitHub\primecare-platform\apps\primecare_auth\linux\flutter\ephemeral\.plugin_symlinks\printing\lib\src\preview\custom.dart"
"class PdfPreviewCustomState extends State<PdfPreviewCustom>","C:\Users\Admin2\Documents\GitHub\primecare-platform\apps\primecare_auth\linux\flutter\ephemeral\.plugin_symlinks\printing\lib\src\preview\custom.dart"
"class PdfPreviewPageData {","C:\Users\Admin2\Documents\GitHub\primecare-platform\apps\primecare_auth\linux\flutter\ephemeral\.plugin_symlinks\printing\lib\src\preview\page.dart"
"class PdfPreviewPage extends StatelessWidget {","C:\Users\Admin2\Documents\GitHub\primecare-platform\apps\primecare_auth\linux\flutter\ephemeral\.plugin_symlinks\printing\lib\src\preview\page.dart"
"class PdfPreview extends StatefulWidget {","C:\Users\Admin2\Documents\GitHub\primecare-platform\apps\primecare_auth\linux\flutter\ephemeral\.plugin_symlinks\printing\lib\src\preview\pdf_preview.dart"
"class PdfPreviewState extends State<PdfPreview> {","C:\Users\Admin2\Documents\GitHub\primecare-platform\apps\primecare_auth\linux\flutter\ephemeral\.plugin_symlinks\printing\lib\src\preview\pdf_preview.dart"
"final class _JArrayListView<E extends JObject?>","C:\Users\Admin2\Documents\GitHub\primecare-platform\apps\primecare_auth\windows\flutter\ephemeral\.plugin_symlinks\jni\lib\src\jarray.dart"
"final class _JBooleanArrayListView","C:\Users\Admin2\Documents\GitHub\primecare-platform\apps\primecare_auth\windows\flutter\ephemeral\.plugin_symlinks\jni\lib\src\primitive_jarrays.dart"
"final class _JByteArrayListView with ListMixin<int>, NonGrowableListMixin<int> {","C:\Users\Admin2\Documents\GitHub\primecare-platform\apps\primecare_auth\windows\flutter\ephemeral\.plugin_symlinks\jni\lib\src\primitive_jarrays.dart"
"final class _JCharArrayListView with ListMixin<int>, NonGrowableListMixin<int> {","C:\Users\Admin2\Documents\GitHub\primecare-platform\apps\primecare_auth\windows\flutter\ephemeral\.plugin_symlinks\jni\lib\src\primitive_jarrays.dart"
"final class _JShortArrayListView","C:\Users\Admin2\Documents\GitHub\primecare-platform\apps\primecare_auth\windows\flutter\ephemeral\.plugin_symlinks\jni\lib\src\primitive_jarrays.dart"
"final class _JIntArrayListView with ListMixin<int>, NonGrowableListMixin<int> {","C:\Users\Admin2\Documents\GitHub\primecare-platform\apps\primecare_auth\windows\flutter\ephemeral\.plugin_symlinks\jni\lib\src\primitive_jarrays.dart"
"final class _JLongArrayListView with ListMixin<int>, NonGrowableListMixin<int> {","C:\Users\Admin2\Documents\GitHub\primecare-platform\apps\primecare_auth\windows\flutter\ephemeral\.plugin_symlinks\jni\lib\src\primitive_jarrays.dart"
"final class _JFloatArrayListView","C:\Users\Admin2\Documents\GitHub\primecare-platform\apps\primecare_auth\windows\flutter\ephemeral\.plugin_symlinks\jni\lib\src\primitive_jarrays.dart"
"final class _JDoubleArrayListView","C:\Users\Admin2\Documents\GitHub\primecare-platform\apps\primecare_auth\windows\flutter\ephemeral\.plugin_symlinks\jni\lib\src\primitive_jarrays.dart"
"class PdfPreviewAction extends StatelessWidget {","C:\Users\Admin2\Documents\GitHub\primecare-platform\apps\primecare_auth\windows\flutter\ephemeral\.plugin_symlinks\printing\lib\src\preview\actions.dart"
"class PdfPreviewData extends ChangeNotifier {","C:\Users\Admin2\Documents\GitHub\primecare-platform\apps\primecare_auth\windows\flutter\ephemeral\.plugin_symlinks\printing\lib\src\preview\controller.dart"
"class PdfPreviewController extends InheritedNotifier {","C:\Users\Admin2\Documents\GitHub\primecare-platform\apps\primecare_auth\windows\flutter\ephemeral\.plugin_symlinks\printing\lib\src\preview\controller.dart"
"class PdfPreviewCustom extends StatefulWidget {","C:\Users\Admin2\Documents\GitHub\primecare-platform\apps\primecare_auth\windows\flutter\ephemeral\.plugin_symlinks\printing\lib\src\preview\custom.dart"
"class PdfPreviewCustomState extends State<PdfPreviewCustom>","C:\Users\Admin2\Documents\GitHub\primecare-platform\apps\primecare_auth\windows\flutter\ephemeral\.plugin_symlinks\printing\lib\src\preview\custom.dart"
"class PdfPreviewPageData {","C:\Users\Admin2\Documents\GitHub\primecare-platform\apps\primecare_auth\windows\flutter\ephemeral\.plugin_symlinks\printing\lib\src\preview\page.dart"
"class PdfPreviewPage extends StatelessWidget {","C:\Users\Admin2\Documents\GitHub\primecare-platform\apps\primecare_auth\windows\flutter\ephemeral\.plugin_symlinks\printing\lib\src\preview\page.dart"
"class PdfPreview extends StatefulWidget {","C:\Users\Admin2\Documents\GitHub\primecare-platform\apps\primecare_auth\windows\flutter\ephemeral\.plugin_symlinks\printing\lib\src\preview\pdf_preview.dart"
"class PdfPreviewState extends State<PdfPreview> {","C:\Users\Admin2\Documents\GitHub\primecare-platform\apps\primecare_auth\windows\flutter\ephemeral\.plugin_symlinks\printing\lib\src\preview\pdf_preview.dart"
"final class _JArrayListView<E extends JObject?>","C:\Users\Admin2\Documents\GitHub\primecare-platform\apps\primecare_business_development\linux\flutter\ephemeral\.plugin_symlinks\jni\lib\src\jarray.dart"
"final class _JBooleanArrayListView","C:\Users\Admin2\Documents\GitHub\primecare-platform\apps\primecare_business_development\linux\flutter\ephemeral\.plugin_symlinks\jni\lib\src\primitive_jarrays.dart"
"final class _JByteArrayListView with ListMixin<int>, NonGrowableListMixin<int> {","C:\Users\Admin2\Documents\GitHub\primecare-platform\apps\primecare_business_development\linux\flutter\ephemeral\.plugin_symlinks\jni\lib\src\primitive_jarrays.dart"
"final class _JCharArrayListView with ListMixin<int>, NonGrowableListMixin<int> {","C:\Users\Admin2\Documents\GitHub\primecare-platform\apps\primecare_business_development\linux\flutter\ephemeral\.plugin_symlinks\jni\lib\src\primitive_jarrays.dart"
"final class _JShortArrayListView","C:\Users\Admin2\Documents\GitHub\primecare-platform\apps\primecare_business_development\linux\flutter\ephemeral\.plugin_symlinks\jni\lib\src\primitive_jarrays.dart"
"final class _JIntArrayListView with ListMixin<int>, NonGrowableListMixin<int> {","C:\Users\Admin2\Documents\GitHub\primecare-platform\apps\primecare_business_development\linux\flutter\ephemeral\.plugin_symlinks\jni\lib\src\primitive_jarrays.dart"
"final class _JLongArrayListView with ListMixin<int>, NonGrowableListMixin<int> {","C:\Users\Admin2\Documents\GitHub\primecare-platform\apps\primecare_business_development\linux\flutter\ephemeral\.plugin_symlinks\jni\lib\src\primitive_jarrays.dart"
"final class _JFloatArrayListView","C:\Users\Admin2\Documents\GitHub\primecare-platform\apps\primecare_business_development\linux\flutter\ephemeral\.plugin_symlinks\jni\lib\src\primitive_jarrays.dart"
"final class _JDoubleArrayListView","C:\Users\Admin2\Documents\GitHub\primecare-platform\apps\primecare_business_development\linux\flutter\ephemeral\.plugin_symlinks\jni\lib\src\primitive_jarrays.dart"
"class PdfPreviewAction extends StatelessWidget {","C:\Users\Admin2\Documents\GitHub\primecare-platform\apps\primecare_business_development\linux\flutter\ephemeral\.plugin_symlinks\printing\lib\src\preview\actions.dart"
"class PdfPreviewData extends ChangeNotifier {","C:\Users\Admin2\Documents\GitHub\primecare-platform\apps\primecare_business_development\linux\flutter\ephemeral\.plugin_symlinks\printing\lib\src\preview\controller.dart"
"class PdfPreviewController extends InheritedNotifier {","C:\Users\Admin2\Documents\GitHub\primecare-platform\apps\primecare_business_development\linux\flutter\ephemeral\.plugin_symlinks\printing\lib\src\preview\controller.dart"
"class PdfPreviewCustom extends StatefulWidget {","C:\Users\Admin2\Documents\GitHub\primecare-platform\apps\primecare_business_development\linux\flutter\ephemeral\.plugin_symlinks\printing\lib\src\preview\custom.dart"
"class PdfPreviewCustomState extends State<PdfPreviewCustom>","C:\Users\Admin2\Documents\GitHub\primecare-platform\apps\primecare_business_development\linux\flutter\ephemeral\.plugin_symlinks\printing\lib\src\preview\custom.dart"
"class PdfPreviewPageData {","C:\Users\Admin2\Documents\GitHub\primecare-platform\apps\primecare_business_development\linux\flutter\ephemeral\.plugin_symlinks\printing\lib\src\preview\page.dart"
"class PdfPreviewPage extends StatelessWidget {","C:\Users\Admin2\Documents\GitHub\primecare-platform\apps\primecare_business_development\linux\flutter\ephemeral\.plugin_symlinks\printing\lib\src\preview\page.dart"
"class PdfPreview extends StatefulWidget {","C:\Users\Admin2\Documents\GitHub\primecare-platform\apps\primecare_business_development\linux\flutter\ephemeral\.plugin_symlinks\printing\lib\src\preview\pdf_preview.dart"
"class PdfPreviewState extends State<PdfPreview> {","C:\Users\Admin2\Documents\GitHub\primecare-platform\apps\primecare_business_development\linux\flutter\ephemeral\.plugin_symlinks\printing\lib\src\preview\pdf_preview.dart"
"final class _JArrayListView<E extends JObject?>","C:\Users\Admin2\Documents\GitHub\primecare-platform\apps\primecare_business_development\windows\flutter\ephemeral\.plugin_symlinks\jni\lib\src\jarray.dart"
"final class _JBooleanArrayListView","C:\Users\Admin2\Documents\GitHub\primecare-platform\apps\primecare_business_development\windows\flutter\ephemeral\.plugin_symlinks\jni\lib\src\primitive_jarrays.dart"
"final class _JByteArrayListView with ListMixin<int>, NonGrowableListMixin<int> {","C:\Users\Admin2\Documents\GitHub\primecare-platform\apps\primecare_business_development\windows\flutter\ephemeral\.plugin_symlinks\jni\lib\src\primitive_jarrays.dart"
"final class _JCharArrayListView with ListMixin<int>, NonGrowableListMixin<int> {","C:\Users\Admin2\Documents\GitHub\primecare-platform\apps\primecare_business_development\windows\flutter\ephemeral\.plugin_symlinks\jni\lib\src\primitive_jarrays.dart"
"final class _JShortArrayListView","C:\Users\Admin2\Documents\GitHub\primecare-platform\apps\primecare_business_development\windows\flutter\ephemeral\.plugin_symlinks\jni\lib\src\primitive_jarrays.dart"
"final class _JIntArrayListView with ListMixin<int>, NonGrowableListMixin<int> {","C:\Users\Admin2\Documents\GitHub\primecare-platform\apps\primecare_business_development\windows\flutter\ephemeral\.plugin_symlinks\jni\lib\src\primitive_jarrays.dart"
"final class _JLongArrayListView with ListMixin<int>, NonGrowableListMixin<int> {","C:\Users\Admin2\Documents\GitHub\primecare-platform\apps\primecare_business_development\windows\flutter\ephemeral\.plugin_symlinks\jni\lib\src\primitive_jarrays.dart"
"final class _JFloatArrayListView","C:\Users\Admin2\Documents\GitHub\primecare-platform\apps\primecare_business_development\windows\flutter\ephemeral\.plugin_symlinks\jni\lib\src\primitive_jarrays.dart"
"final class _JDoubleArrayListView","C:\Users\Admin2\Documents\GitHub\primecare-platform\apps\primecare_business_development\windows\flutter\ephemeral\.plugin_symlinks\jni\lib\src\primitive_jarrays.dart"
"class PdfPreviewAction extends StatelessWidget {","C:\Users\Admin2\Documents\GitHub\primecare-platform\apps\primecare_business_development\windows\flutter\ephemeral\.plugin_symlinks\printing\lib\src\preview\actions.dart"
"class PdfPreviewData extends ChangeNotifier {","C:\Users\Admin2\Documents\GitHub\primecare-platform\apps\primecare_business_development\windows\flutter\ephemeral\.plugin_symlinks\printing\lib\src\preview\controller.dart"
"class PdfPreviewController extends InheritedNotifier {","C:\Users\Admin2\Documents\GitHub\primecare-platform\apps\primecare_business_development\windows\flutter\ephemeral\.plugin_symlinks\printing\lib\src\preview\controller.dart"
"class PdfPreviewCustom extends StatefulWidget {","C:\Users\Admin2\Documents\GitHub\primecare-platform\apps\primecare_business_development\windows\flutter\ephemeral\.plugin_symlinks\printing\lib\src\preview\custom.dart"
"class PdfPreviewCustomState extends State<PdfPreviewCustom>","C:\Users\Admin2\Documents\GitHub\primecare-platform\apps\primecare_business_development\windows\flutter\ephemeral\.plugin_symlinks\printing\lib\src\preview\custom.dart"
"class PdfPreviewPageData {","C:\Users\Admin2\Documents\GitHub\primecare-platform\apps\primecare_business_development\windows\flutter\ephemeral\.plugin_symlinks\printing\lib\src\preview\page.dart"
"class PdfPreviewPage extends StatelessWidget {","C:\Users\Admin2\Documents\GitHub\primecare-platform\apps\primecare_business_development\windows\flutter\ephemeral\.plugin_symlinks\printing\lib\src\preview\page.dart"
"class PdfPreview extends StatefulWidget {","C:\Users\Admin2\Documents\GitHub\primecare-platform\apps\primecare_business_development\windows\flutter\ephemeral\.plugin_symlinks\printing\lib\src\preview\pdf_preview.dart"
"class PdfPreviewState extends State<PdfPreview> {","C:\Users\Admin2\Documents\GitHub\primecare-platform\apps\primecare_business_development\windows\flutter\ephemeral\.plugin_symlinks\printing\lib\src\preview\pdf_preview.dart"
"final class _JArrayListView<E extends JObject?>","C:\Users\Admin2\Documents\GitHub\primecare-platform\apps\primecare_client\linux\flutter\ephemeral\.plugin_symlinks\jni\lib\src\jarray.dart"
"final class _JBooleanArrayListView","C:\Users\Admin2\Documents\GitHub\primecare-platform\apps\primecare_client\linux\flutter\ephemeral\.plugin_symlinks\jni\lib\src\primitive_jarrays.dart"
"final class _JByteArrayListView with ListMixin<int>, NonGrowableListMixin<int> {","C:\Users\Admin2\Documents\GitHub\primecare-platform\apps\primecare_client\linux\flutter\ephemeral\.plugin_symlinks\jni\lib\src\primitive_jarrays.dart"
"final class _JCharArrayListView with ListMixin<int>, NonGrowableListMixin<int> {","C:\Users\Admin2\Documents\GitHub\primecare-platform\apps\primecare_client\linux\flutter\ephemeral\.plugin_symlinks\jni\lib\src\primitive_jarrays.dart"
"final class _JShortArrayListView","C:\Users\Admin2\Documents\GitHub\primecare-platform\apps\primecare_client\linux\flutter\ephemeral\.plugin_symlinks\jni\lib\src\primitive_jarrays.dart"
"final class _JIntArrayListView with ListMixin<int>, NonGrowableListMixin<int> {","C:\Users\Admin2\Documents\GitHub\primecare-platform\apps\primecare_client\linux\flutter\ephemeral\.plugin_symlinks\jni\lib\src\primitive_jarrays.dart"
"final class _JLongArrayListView with ListMixin<int>, NonGrowableListMixin<int> {","C:\Users\Admin2\Documents\GitHub\primecare-platform\apps\primecare_client\linux\flutter\ephemeral\.plugin_symlinks\jni\lib\src\primitive_jarrays.dart"
"final class _JFloatArrayListView","C:\Users\Admin2\Documents\GitHub\primecare-platform\apps\primecare_client\linux\flutter\ephemeral\.plugin_symlinks\jni\lib\src\primitive_jarrays.dart"
"final class _JDoubleArrayListView","C:\Users\Admin2\Documents\GitHub\primecare-platform\apps\primecare_client\linux\flutter\ephemeral\.plugin_symlinks\jni\lib\src\primitive_jarrays.dart"
"class PdfPreviewAction extends StatelessWidget {","C:\Users\Admin2\Documents\GitHub\primecare-platform\apps\primecare_client\linux\flutter\ephemeral\.plugin_symlinks\printing\lib\src\preview\actions.dart"
"class PdfPreviewData extends ChangeNotifier {","C:\Users\Admin2\Documents\GitHub\primecare-platform\apps\primecare_client\linux\flutter\ephemeral\.plugin_symlinks\printing\lib\src\preview\controller.dart"
"class PdfPreviewController extends InheritedNotifier {","C:\Users\Admin2\Documents\GitHub\primecare-platform\apps\primecare_client\linux\flutter\ephemeral\.plugin_symlinks\printing\lib\src\preview\controller.dart"
"class PdfPreviewCustom extends StatefulWidget {","C:\Users\Admin2\Documents\GitHub\primecare-platform\apps\primecare_client\linux\flutter\ephemeral\.plugin_symlinks\printing\lib\src\preview\custom.dart"
"class PdfPreviewCustomState extends State<PdfPreviewCustom>","C:\Users\Admin2\Documents\GitHub\primecare-platform\apps\primecare_client\linux\flutter\ephemeral\.plugin_symlinks\printing\lib\src\preview\custom.dart"
"class PdfPreviewPageData {","C:\Users\Admin2\Documents\GitHub\primecare-platform\apps\primecare_client\linux\flutter\ephemeral\.plugin_symlinks\printing\lib\src\preview\page.dart"
"class PdfPreviewPage extends StatelessWidget {","C:\Users\Admin2\Documents\GitHub\primecare-platform\apps\primecare_client\linux\flutter\ephemeral\.plugin_symlinks\printing\lib\src\preview\page.dart"
"class PdfPreview extends StatefulWidget {","C:\Users\Admin2\Documents\GitHub\primecare-platform\apps\primecare_client\linux\flutter\ephemeral\.plugin_symlinks\printing\lib\src\preview\pdf_preview.dart"
"class PdfPreviewState extends State<PdfPreview> {","C:\Users\Admin2\Documents\GitHub\primecare-platform\apps\primecare_client\linux\flutter\ephemeral\.plugin_symlinks\printing\lib\src\preview\pdf_preview.dart"
"final class _JArrayListView<E extends JObject?>","C:\Users\Admin2\Documents\GitHub\primecare-platform\apps\primecare_client\windows\flutter\ephemeral\.plugin_symlinks\jni\lib\src\jarray.dart"
"final class _JBooleanArrayListView","C:\Users\Admin2\Documents\GitHub\primecare-platform\apps\primecare_client\windows\flutter\ephemeral\.plugin_symlinks\jni\lib\src\primitive_jarrays.dart"
"final class _JByteArrayListView with ListMixin<int>, NonGrowableListMixin<int> {","C:\Users\Admin2\Documents\GitHub\primecare-platform\apps\primecare_client\windows\flutter\ephemeral\.plugin_symlinks\jni\lib\src\primitive_jarrays.dart"
"final class _JCharArrayListView with ListMixin<int>, NonGrowableListMixin<int> {","C:\Users\Admin2\Documents\GitHub\primecare-platform\apps\primecare_client\windows\flutter\ephemeral\.plugin_symlinks\jni\lib\src\primitive_jarrays.dart"
"final class _JShortArrayListView","C:\Users\Admin2\Documents\GitHub\primecare-platform\apps\primecare_client\windows\flutter\ephemeral\.plugin_symlinks\jni\lib\src\primitive_jarrays.dart"
"final class _JIntArrayListView with ListMixin<int>, NonGrowableListMixin<int> {","C:\Users\Admin2\Documents\GitHub\primecare-platform\apps\primecare_client\windows\flutter\ephemeral\.plugin_symlinks\jni\lib\src\primitive_jarrays.dart"
"final class _JLongArrayListView with ListMixin<int>, NonGrowableListMixin<int> {","C:\Users\Admin2\Documents\GitHub\primecare-platform\apps\primecare_client\windows\flutter\ephemeral\.plugin_symlinks\jni\lib\src\primitive_jarrays.dart"
"final class _JFloatArrayListView","C:\Users\Admin2\Documents\GitHub\primecare-platform\apps\primecare_client\windows\flutter\ephemeral\.plugin_symlinks\jni\lib\src\primitive_jarrays.dart"
"final class _JDoubleArrayListView","C:\Users\Admin2\Documents\GitHub\primecare-platform\apps\primecare_client\windows\flutter\ephemeral\.plugin_symlinks\jni\lib\src\primitive_jarrays.dart"
"class PdfPreviewAction extends StatelessWidget {","C:\Users\Admin2\Documents\GitHub\primecare-platform\apps\primecare_client\windows\flutter\ephemeral\.plugin_symlinks\printing\lib\src\preview\actions.dart"
"class PdfPreviewData extends ChangeNotifier {","C:\Users\Admin2\Documents\GitHub\primecare-platform\apps\primecare_client\windows\flutter\ephemeral\.plugin_symlinks\printing\lib\src\preview\controller.dart"
"class PdfPreviewController extends InheritedNotifier {","C:\Users\Admin2\Documents\GitHub\primecare-platform\apps\primecare_client\windows\flutter\ephemeral\.plugin_symlinks\printing\lib\src\preview\controller.dart"
"class PdfPreviewCustom extends StatefulWidget {","C:\Users\Admin2\Documents\GitHub\primecare-platform\apps\primecare_client\windows\flutter\ephemeral\.plugin_symlinks\printing\lib\src\preview\custom.dart"
"class PdfPreviewCustomState extends State<PdfPreviewCustom>","C:\Users\Admin2\Documents\GitHub\primecare-platform\apps\primecare_client\windows\flutter\ephemeral\.plugin_symlinks\printing\lib\src\preview\custom.dart"
"class PdfPreviewPageData {","C:\Users\Admin2\Documents\GitHub\primecare-platform\apps\primecare_client\windows\flutter\ephemeral\.plugin_symlinks\printing\lib\src\preview\page.dart"
"class PdfPreviewPage extends StatelessWidget {","C:\Users\Admin2\Documents\GitHub\primecare-platform\apps\primecare_client\windows\flutter\ephemeral\.plugin_symlinks\printing\lib\src\preview\page.dart"
"class PdfPreview extends StatefulWidget {","C:\Users\Admin2\Documents\GitHub\primecare-platform\apps\primecare_client\windows\flutter\ephemeral\.plugin_symlinks\printing\lib\src\preview\pdf_preview.dart"
"class PdfPreviewState extends State<PdfPreview> {","C:\Users\Admin2\Documents\GitHub\primecare-platform\apps\primecare_client\windows\flutter\ephemeral\.plugin_symlinks\printing\lib\src\preview\pdf_preview.dart"
"final class _JArrayListView<E extends JObject?>","C:\Users\Admin2\Documents\GitHub\primecare-platform\apps\primecare_clinic\linux\flutter\ephemeral\.plugin_symlinks\jni\lib\src\jarray.dart"
"final class _JBooleanArrayListView","C:\Users\Admin2\Documents\GitHub\primecare-platform\apps\primecare_clinic\linux\flutter\ephemeral\.plugin_symlinks\jni\lib\src\primitive_jarrays.dart"
"final class _JByteArrayListView with ListMixin<int>, NonGrowableListMixin<int> {","C:\Users\Admin2\Documents\GitHub\primecare-platform\apps\primecare_clinic\linux\flutter\ephemeral\.plugin_symlinks\jni\lib\src\primitive_jarrays.dart"
"final class _JCharArrayListView with ListMixin<int>, NonGrowableListMixin<int> {","C:\Users\Admin2\Documents\GitHub\primecare-platform\apps\primecare_clinic\linux\flutter\ephemeral\.plugin_symlinks\jni\lib\src\primitive_jarrays.dart"
"final class _JShortArrayListView","C:\Users\Admin2\Documents\GitHub\primecare-platform\apps\primecare_clinic\linux\flutter\ephemeral\.plugin_symlinks\jni\lib\src\primitive_jarrays.dart"
"final class _JIntArrayListView with ListMixin<int>, NonGrowableListMixin<int> {","C:\Users\Admin2\Documents\GitHub\primecare-platform\apps\primecare_clinic\linux\flutter\ephemeral\.plugin_symlinks\jni\lib\src\primitive_jarrays.dart"
"final class _JLongArrayListView with ListMixin<int>, NonGrowableListMixin<int> {","C:\Users\Admin2\Documents\GitHub\primecare-platform\apps\primecare_clinic\linux\flutter\ephemeral\.plugin_symlinks\jni\lib\src\primitive_jarrays.dart"
"final class _JFloatArrayListView","C:\Users\Admin2\Documents\GitHub\primecare-platform\apps\primecare_clinic\linux\flutter\ephemeral\.plugin_symlinks\jni\lib\src\primitive_jarrays.dart"
"final class _JDoubleArrayListView","C:\Users\Admin2\Documents\GitHub\primecare-platform\apps\primecare_clinic\linux\flutter\ephemeral\.plugin_symlinks\jni\lib\src\primitive_jarrays.dart"
"class PdfPreviewAction extends StatelessWidget {","C:\Users\Admin2\Documents\GitHub\primecare-platform\apps\primecare_clinic\linux\flutter\ephemeral\.plugin_symlinks\printing\lib\src\preview\actions.dart"
"class PdfPreviewData extends ChangeNotifier {","C:\Users\Admin2\Documents\GitHub\primecare-platform\apps\primecare_clinic\linux\flutter\ephemeral\.plugin_symlinks\printing\lib\src\preview\controller.dart"
"class PdfPreviewController extends InheritedNotifier {","C:\Users\Admin2\Documents\GitHub\primecare-platform\apps\primecare_clinic\linux\flutter\ephemeral\.plugin_symlinks\printing\lib\src\preview\controller.dart"
"class PdfPreviewCustom extends StatefulWidget {","C:\Users\Admin2\Documents\GitHub\primecare-platform\apps\primecare_clinic\linux\flutter\ephemeral\.plugin_symlinks\printing\lib\src\preview\custom.dart"
"class PdfPreviewCustomState extends State<PdfPreviewCustom>","C:\Users\Admin2\Documents\GitHub\primecare-platform\apps\primecare_clinic\linux\flutter\ephemeral\.plugin_symlinks\printing\lib\src\preview\custom.dart"
"class PdfPreviewPageData {","C:\Users\Admin2\Documents\GitHub\primecare-platform\apps\primecare_clinic\linux\flutter\ephemeral\.plugin_symlinks\printing\lib\src\preview\page.dart"
"class PdfPreviewPage extends StatelessWidget {","C:\Users\Admin2\Documents\GitHub\primecare-platform\apps\primecare_clinic\linux\flutter\ephemeral\.plugin_symlinks\printing\lib\src\preview\page.dart"
"class PdfPreview extends StatefulWidget {","C:\Users\Admin2\Documents\GitHub\primecare-platform\apps\primecare_clinic\linux\flutter\ephemeral\.plugin_symlinks\printing\lib\src\preview\pdf_preview.dart"
"class PdfPreviewState extends State<PdfPreview> {","C:\Users\Admin2\Documents\GitHub\primecare-platform\apps\primecare_clinic\linux\flutter\ephemeral\.plugin_symlinks\printing\lib\src\preview\pdf_preview.dart"
"final class _JArrayListView<E extends JObject?>","C:\Users\Admin2\Documents\GitHub\primecare-platform\apps\primecare_clinic\windows\flutter\ephemeral\.plugin_symlinks\jni\lib\src\jarray.dart"
"final class _JBooleanArrayListView","C:\Users\Admin2\Documents\GitHub\primecare-platform\apps\primecare_clinic\windows\flutter\ephemeral\.plugin_symlinks\jni\lib\src\primitive_jarrays.dart"
"final class _JByteArrayListView with ListMixin<int>, NonGrowableListMixin<int> {","C:\Users\Admin2\Documents\GitHub\primecare-platform\apps\primecare_clinic\windows\flutter\ephemeral\.plugin_symlinks\jni\lib\src\primitive_jarrays.dart"
"final class _JCharArrayListView with ListMixin<int>, NonGrowableListMixin<int> {","C:\Users\Admin2\Documents\GitHub\primecare-platform\apps\primecare_clinic\windows\flutter\ephemeral\.plugin_symlinks\jni\lib\src\primitive_jarrays.dart"
"final class _JShortArrayListView","C:\Users\Admin2\Documents\GitHub\primecare-platform\apps\primecare_clinic\windows\flutter\ephemeral\.plugin_symlinks\jni\lib\src\primitive_jarrays.dart"
"final class _JIntArrayListView with ListMixin<int>, NonGrowableListMixin<int> {","C:\Users\Admin2\Documents\GitHub\primecare-platform\apps\primecare_clinic\windows\flutter\ephemeral\.plugin_symlinks\jni\lib\src\primitive_jarrays.dart"
"final class _JLongArrayListView with ListMixin<int>, NonGrowableListMixin<int> {","C:\Users\Admin2\Documents\GitHub\primecare-platform\apps\primecare_clinic\windows\flutter\ephemeral\.plugin_symlinks\jni\lib\src\primitive_jarrays.dart"
"final class _JFloatArrayListView","C:\Users\Admin2\Documents\GitHub\primecare-platform\apps\primecare_clinic\windows\flutter\ephemeral\.plugin_symlinks\jni\lib\src\primitive_jarrays.dart"
"final class _JDoubleArrayListView","C:\Users\Admin2\Documents\GitHub\primecare-platform\apps\primecare_clinic\windows\flutter\ephemeral\.plugin_symlinks\jni\lib\src\primitive_jarrays.dart"
"class PdfPreviewAction extends StatelessWidget {","C:\Users\Admin2\Documents\GitHub\primecare-platform\apps\primecare_clinic\windows\flutter\ephemeral\.plugin_symlinks\printing\lib\src\preview\actions.dart"
"class PdfPreviewData extends ChangeNotifier {","C:\Users\Admin2\Documents\GitHub\primecare-platform\apps\primecare_clinic\windows\flutter\ephemeral\.plugin_symlinks\printing\lib\src\preview\controller.dart"
"class PdfPreviewController extends InheritedNotifier {","C:\Users\Admin2\Documents\GitHub\primecare-platform\apps\primecare_clinic\windows\flutter\ephemeral\.plugin_symlinks\printing\lib\src\preview\controller.dart"
"class PdfPreviewCustom extends StatefulWidget {","C:\Users\Admin2\Documents\GitHub\primecare-platform\apps\primecare_clinic\windows\flutter\ephemeral\.plugin_symlinks\printing\lib\src\preview\custom.dart"
"class PdfPreviewCustomState extends State<PdfPreviewCustom>","C:\Users\Admin2\Documents\GitHub\primecare-platform\apps\primecare_clinic\windows\flutter\ephemeral\.plugin_symlinks\printing\lib\src\preview\custom.dart"
"class PdfPreviewPageData {","C:\Users\Admin2\Documents\GitHub\primecare-platform\apps\primecare_clinic\windows\flutter\ephemeral\.plugin_symlinks\printing\lib\src\preview\page.dart"
"class PdfPreviewPage extends StatelessWidget {","C:\Users\Admin2\Documents\GitHub\primecare-platform\apps\primecare_clinic\windows\flutter\ephemeral\.plugin_symlinks\printing\lib\src\preview\page.dart"
"class PdfPreview extends StatefulWidget {","C:\Users\Admin2\Documents\GitHub\primecare-platform\apps\primecare_clinic\windows\flutter\ephemeral\.plugin_symlinks\printing\lib\src\preview\pdf_preview.dart"
"class PdfPreviewState extends State<PdfPreview> {","C:\Users\Admin2\Documents\GitHub\primecare-platform\apps\primecare_clinic\windows\flutter\ephemeral\.plugin_symlinks\printing\lib\src\preview\pdf_preview.dart"
"class MasterDashboardPageObject {","C:\Users\Admin2\Documents\GitHub\primecare-platform\apps\primecare_corporate\integration_test\page_objects\master_dashboard_page.dart"
"final class _JArrayListView<E extends JObject?>","C:\Users\Admin2\Documents\GitHub\primecare-platform\apps\primecare_corporate\linux\flutter\ephemeral\.plugin_symlinks\jni\lib\src\jarray.dart"
"final class _JBooleanArrayListView","C:\Users\Admin2\Documents\GitHub\primecare-platform\apps\primecare_corporate\linux\flutter\ephemeral\.plugin_symlinks\jni\lib\src\primitive_jarrays.dart"
"final class _JByteArrayListView with ListMixin<int>, NonGrowableListMixin<int> {","C:\Users\Admin2\Documents\GitHub\primecare-platform\apps\primecare_corporate\linux\flutter\ephemeral\.plugin_symlinks\jni\lib\src\primitive_jarrays.dart"
"final class _JCharArrayListView with ListMixin<int>, NonGrowableListMixin<int> {","C:\Users\Admin2\Documents\GitHub\primecare-platform\apps\primecare_corporate\linux\flutter\ephemeral\.plugin_symlinks\jni\lib\src\primitive_jarrays.dart"
"final class _JShortArrayListView","C:\Users\Admin2\Documents\GitHub\primecare-platform\apps\primecare_corporate\linux\flutter\ephemeral\.plugin_symlinks\jni\lib\src\primitive_jarrays.dart"
"final class _JIntArrayListView with ListMixin<int>, NonGrowableListMixin<int> {","C:\Users\Admin2\Documents\GitHub\primecare-platform\apps\primecare_corporate\linux\flutter\ephemeral\.plugin_symlinks\jni\lib\src\primitive_jarrays.dart"
"final class _JLongArrayListView with ListMixin<int>, NonGrowableListMixin<int> {","C:\Users\Admin2\Documents\GitHub\primecare-platform\apps\primecare_corporate\linux\flutter\ephemeral\.plugin_symlinks\jni\lib\src\primitive_jarrays.dart"
"final class _JFloatArrayListView","C:\Users\Admin2\Documents\GitHub\primecare-platform\apps\primecare_corporate\linux\flutter\ephemeral\.plugin_symlinks\jni\lib\src\primitive_jarrays.dart"
"final class _JDoubleArrayListView","C:\Users\Admin2\Documents\GitHub\primecare-platform\apps\primecare_corporate\linux\flutter\ephemeral\.plugin_symlinks\jni\lib\src\primitive_jarrays.dart"
"class PdfPreviewAction extends StatelessWidget {","C:\Users\Admin2\Documents\GitHub\primecare-platform\apps\primecare_corporate\linux\flutter\ephemeral\.plugin_symlinks\printing\lib\src\preview\actions.dart"
"class PdfPreviewData extends ChangeNotifier {","C:\Users\Admin2\Documents\GitHub\primecare-platform\apps\primecare_corporate\linux\flutter\ephemeral\.plugin_symlinks\printing\lib\src\preview\controller.dart"
"class PdfPreviewController extends InheritedNotifier {","C:\Users\Admin2\Documents\GitHub\primecare-platform\apps\primecare_corporate\linux\flutter\ephemeral\.plugin_symlinks\printing\lib\src\preview\controller.dart"
"class PdfPreviewCustom extends StatefulWidget {","C:\Users\Admin2\Documents\GitHub\primecare-platform\apps\primecare_corporate\linux\flutter\ephemeral\.plugin_symlinks\printing\lib\src\preview\custom.dart"
"class PdfPreviewCustomState extends State<PdfPreviewCustom>","C:\Users\Admin2\Documents\GitHub\primecare-platform\apps\primecare_corporate\linux\flutter\ephemeral\.plugin_symlinks\printing\lib\src\preview\custom.dart"
"class PdfPreviewPageData {","C:\Users\Admin2\Documents\GitHub\primecare-platform\apps\primecare_corporate\linux\flutter\ephemeral\.plugin_symlinks\printing\lib\src\preview\page.dart"
"class PdfPreviewPage extends StatelessWidget {","C:\Users\Admin2\Documents\GitHub\primecare-platform\apps\primecare_corporate\linux\flutter\ephemeral\.plugin_symlinks\printing\lib\src\preview\page.dart"
"class PdfPreview extends StatefulWidget {","C:\Users\Admin2\Documents\GitHub\primecare-platform\apps\primecare_corporate\linux\flutter\ephemeral\.plugin_symlinks\printing\lib\src\preview\pdf_preview.dart"
"class PdfPreviewState extends State<PdfPreview> {","C:\Users\Admin2\Documents\GitHub\primecare-platform\apps\primecare_corporate\linux\flutter\ephemeral\.plugin_symlinks\printing\lib\src\preview\pdf_preview.dart"
"final class _JArrayListView<E extends JObject?>","C:\Users\Admin2\Documents\GitHub\primecare-platform\apps\primecare_corporate\windows\flutter\ephemeral\.plugin_symlinks\jni\lib\src\jarray.dart"
"final class _JBooleanArrayListView","C:\Users\Admin2\Documents\GitHub\primecare-platform\apps\primecare_corporate\windows\flutter\ephemeral\.plugin_symlinks\jni\lib\src\primitive_jarrays.dart"
"final class _JByteArrayListView with ListMixin<int>, NonGrowableListMixin<int> {","C:\Users\Admin2\Documents\GitHub\primecare-platform\apps\primecare_corporate\windows\flutter\ephemeral\.plugin_symlinks\jni\lib\src\primitive_jarrays.dart"
"final class _JCharArrayListView with ListMixin<int>, NonGrowableListMixin<int> {","C:\Users\Admin2\Documents\GitHub\primecare-platform\apps\primecare_corporate\windows\flutter\ephemeral\.plugin_symlinks\jni\lib\src\primitive_jarrays.dart"
"final class _JShortArrayListView","C:\Users\Admin2\Documents\GitHub\primecare-platform\apps\primecare_corporate\windows\flutter\ephemeral\.plugin_symlinks\jni\lib\src\primitive_jarrays.dart"
"final class _JIntArrayListView with ListMixin<int>, NonGrowableListMixin<int> {","C:\Users\Admin2\Documents\GitHub\primecare-platform\apps\primecare_corporate\windows\flutter\ephemeral\.plugin_symlinks\jni\lib\src\primitive_jarrays.dart"
"final class _JLongArrayListView with ListMixin<int>, NonGrowableListMixin<int> {","C:\Users\Admin2\Documents\GitHub\primecare-platform\apps\primecare_corporate\windows\flutter\ephemeral\.plugin_symlinks\jni\lib\src\primitive_jarrays.dart"
"final class _JFloatArrayListView","C:\Users\Admin2\Documents\GitHub\primecare-platform\apps\primecare_corporate\windows\flutter\ephemeral\.plugin_symlinks\jni\lib\src\primitive_jarrays.dart"
"final class _JDoubleArrayListView","C:\Users\Admin2\Documents\GitHub\primecare-platform\apps\primecare_corporate\windows\flutter\ephemeral\.plugin_symlinks\jni\lib\src\primitive_jarrays.dart"
"class PdfPreviewAction extends StatelessWidget {","C:\Users\Admin2\Documents\GitHub\primecare-platform\apps\primecare_corporate\windows\flutter\ephemeral\.plugin_symlinks\printing\lib\src\preview\actions.dart"
"class PdfPreviewData extends ChangeNotifier {","C:\Users\Admin2\Documents\GitHub\primecare-platform\apps\primecare_corporate\windows\flutter\ephemeral\.plugin_symlinks\printing\lib\src\preview\controller.dart"
"class PdfPreviewController extends InheritedNotifier {","C:\Users\Admin2\Documents\GitHub\primecare-platform\apps\primecare_corporate\windows\flutter\ephemeral\.plugin_symlinks\printing\lib\src\preview\controller.dart"
"class PdfPreviewCustom extends StatefulWidget {","C:\Users\Admin2\Documents\GitHub\primecare-platform\apps\primecare_corporate\windows\flutter\ephemeral\.plugin_symlinks\printing\lib\src\preview\custom.dart"
"class PdfPreviewCustomState extends State<PdfPreviewCustom>","C:\Users\Admin2\Documents\GitHub\primecare-platform\apps\primecare_corporate\windows\flutter\ephemeral\.plugin_symlinks\printing\lib\src\preview\custom.dart"
"class PdfPreviewPageData {","C:\Users\Admin2\Documents\GitHub\primecare-platform\apps\primecare_corporate\windows\flutter\ephemeral\.plugin_symlinks\printing\lib\src\preview\page.dart"
"class PdfPreviewPage extends StatelessWidget {","C:\Users\Admin2\Documents\GitHub\primecare-platform\apps\primecare_corporate\windows\flutter\ephemeral\.plugin_symlinks\printing\lib\src\preview\page.dart"
"class PdfPreview extends StatefulWidget {","C:\Users\Admin2\Documents\GitHub\primecare-platform\apps\primecare_corporate\windows\flutter\ephemeral\.plugin_symlinks\printing\lib\src\preview\pdf_preview.dart"
"class PdfPreviewState extends State<PdfPreview> {","C:\Users\Admin2\Documents\GitHub\primecare-platform\apps\primecare_corporate\windows\flutter\ephemeral\.plugin_symlinks\printing\lib\src\preview\pdf_preview.dart"
"final class _JArrayListView<E extends JObject?>","C:\Users\Admin2\Documents\GitHub\primecare-platform\apps\primecare_enterprise_blueprint\linux\flutter\ephemeral\.plugin_symlinks\jni\lib\src\jarray.dart"
"final class _JBooleanArrayListView","C:\Users\Admin2\Documents\GitHub\primecare-platform\apps\primecare_enterprise_blueprint\linux\flutter\ephemeral\.plugin_symlinks\jni\lib\src\primitive_jarrays.dart"
"final class _JByteArrayListView with ListMixin<int>, NonGrowableListMixin<int> {","C:\Users\Admin2\Documents\GitHub\primecare-platform\apps\primecare_enterprise_blueprint\linux\flutter\ephemeral\.plugin_symlinks\jni\lib\src\primitive_jarrays.dart"
"final class _JCharArrayListView with ListMixin<int>, NonGrowableListMixin<int> {","C:\Users\Admin2\Documents\GitHub\primecare-platform\apps\primecare_enterprise_blueprint\linux\flutter\ephemeral\.plugin_symlinks\jni\lib\src\primitive_jarrays.dart"
"final class _JShortArrayListView","C:\Users\Admin2\Documents\GitHub\primecare-platform\apps\primecare_enterprise_blueprint\linux\flutter\ephemeral\.plugin_symlinks\jni\lib\src\primitive_jarrays.dart"
"final class _JIntArrayListView with ListMixin<int>, NonGrowableListMixin<int> {","C:\Users\Admin2\Documents\GitHub\primecare-platform\apps\primecare_enterprise_blueprint\linux\flutter\ephemeral\.plugin_symlinks\jni\lib\src\primitive_jarrays.dart"
"final class _JLongArrayListView with ListMixin<int>, NonGrowableListMixin<int> {","C:\Users\Admin2\Documents\GitHub\primecare-platform\apps\primecare_enterprise_blueprint\linux\flutter\ephemeral\.plugin_symlinks\jni\lib\src\primitive_jarrays.dart"
"final class _JFloatArrayListView","C:\Users\Admin2\Documents\GitHub\primecare-platform\apps\primecare_enterprise_blueprint\linux\flutter\ephemeral\.plugin_symlinks\jni\lib\src\primitive_jarrays.dart"
"final class _JDoubleArrayListView","C:\Users\Admin2\Documents\GitHub\primecare-platform\apps\primecare_enterprise_blueprint\linux\flutter\ephemeral\.plugin_symlinks\jni\lib\src\primitive_jarrays.dart"
"class PdfPreviewAction extends StatelessWidget {","C:\Users\Admin2\Documents\GitHub\primecare-platform\apps\primecare_enterprise_blueprint\linux\flutter\ephemeral\.plugin_symlinks\printing\lib\src\preview\actions.dart"
"class PdfPreviewData extends ChangeNotifier {","C:\Users\Admin2\Documents\GitHub\primecare-platform\apps\primecare_enterprise_blueprint\linux\flutter\ephemeral\.plugin_symlinks\printing\lib\src\preview\controller.dart"
"class PdfPreviewController extends InheritedNotifier {","C:\Users\Admin2\Documents\GitHub\primecare-platform\apps\primecare_enterprise_blueprint\linux\flutter\ephemeral\.plugin_symlinks\printing\lib\src\preview\controller.dart"
"class PdfPreviewCustom extends StatefulWidget {","C:\Users\Admin2\Documents\GitHub\primecare-platform\apps\primecare_enterprise_blueprint\linux\flutter\ephemeral\.plugin_symlinks\printing\lib\src\preview\custom.dart"
"class PdfPreviewCustomState extends State<PdfPreviewCustom>","C:\Users\Admin2\Documents\GitHub\primecare-platform\apps\primecare_enterprise_blueprint\linux\flutter\ephemeral\.plugin_symlinks\printing\lib\src\preview\custom.dart"
"class PdfPreviewPageData {","C:\Users\Admin2\Documents\GitHub\primecare-platform\apps\primecare_enterprise_blueprint\linux\flutter\ephemeral\.plugin_symlinks\printing\lib\src\preview\page.dart"
"class PdfPreviewPage extends StatelessWidget {","C:\Users\Admin2\Documents\GitHub\primecare-platform\apps\primecare_enterprise_blueprint\linux\flutter\ephemeral\.plugin_symlinks\printing\lib\src\preview\page.dart"
"class PdfPreview extends StatefulWidget {","C:\Users\Admin2\Documents\GitHub\primecare-platform\apps\primecare_enterprise_blueprint\linux\flutter\ephemeral\.plugin_symlinks\printing\lib\src\preview\pdf_preview.dart"
"class PdfPreviewState extends State<PdfPreview> {","C:\Users\Admin2\Documents\GitHub\primecare-platform\apps\primecare_enterprise_blueprint\linux\flutter\ephemeral\.plugin_symlinks\printing\lib\src\preview\pdf_preview.dart"
"final class _JArrayListView<E extends JObject?>","C:\Users\Admin2\Documents\GitHub\primecare-platform\apps\primecare_enterprise_blueprint\windows\flutter\ephemeral\.plugin_symlinks\jni\lib\src\jarray.dart"
"final class _JBooleanArrayListView","C:\Users\Admin2\Documents\GitHub\primecare-platform\apps\primecare_enterprise_blueprint\windows\flutter\ephemeral\.plugin_symlinks\jni\lib\src\primitive_jarrays.dart"
"final class _JByteArrayListView with ListMixin<int>, NonGrowableListMixin<int> {","C:\Users\Admin2\Documents\GitHub\primecare-platform\apps\primecare_enterprise_blueprint\windows\flutter\ephemeral\.plugin_symlinks\jni\lib\src\primitive_jarrays.dart"
"final class _JCharArrayListView with ListMixin<int>, NonGrowableListMixin<int> {","C:\Users\Admin2\Documents\GitHub\primecare-platform\apps\primecare_enterprise_blueprint\windows\flutter\ephemeral\.plugin_symlinks\jni\lib\src\primitive_jarrays.dart"
"final class _JShortArrayListView","C:\Users\Admin2\Documents\GitHub\primecare-platform\apps\primecare_enterprise_blueprint\windows\flutter\ephemeral\.plugin_symlinks\jni\lib\src\primitive_jarrays.dart"
"final class _JIntArrayListView with ListMixin<int>, NonGrowableListMixin<int> {","C:\Users\Admin2\Documents\GitHub\primecare-platform\apps\primecare_enterprise_blueprint\windows\flutter\ephemeral\.plugin_symlinks\jni\lib\src\primitive_jarrays.dart"
"final class _JLongArrayListView with ListMixin<int>, NonGrowableListMixin<int> {","C:\Users\Admin2\Documents\GitHub\primecare-platform\apps\primecare_enterprise_blueprint\windows\flutter\ephemeral\.plugin_symlinks\jni\lib\src\primitive_jarrays.dart"
"final class _JFloatArrayListView","C:\Users\Admin2\Documents\GitHub\primecare-platform\apps\primecare_enterprise_blueprint\windows\flutter\ephemeral\.plugin_symlinks\jni\lib\src\primitive_jarrays.dart"
"final class _JDoubleArrayListView","C:\Users\Admin2\Documents\GitHub\primecare-platform\apps\primecare_enterprise_blueprint\windows\flutter\ephemeral\.plugin_symlinks\jni\lib\src\primitive_jarrays.dart"
"class PdfPreviewAction extends StatelessWidget {","C:\Users\Admin2\Documents\GitHub\primecare-platform\apps\primecare_enterprise_blueprint\windows\flutter\ephemeral\.plugin_symlinks\printing\lib\src\preview\actions.dart"
"class PdfPreviewData extends ChangeNotifier {","C:\Users\Admin2\Documents\GitHub\primecare-platform\apps\primecare_enterprise_blueprint\windows\flutter\ephemeral\.plugin_symlinks\printing\lib\src\preview\controller.dart"
"class PdfPreviewController extends InheritedNotifier {","C:\Users\Admin2\Documents\GitHub\primecare-platform\apps\primecare_enterprise_blueprint\windows\flutter\ephemeral\.plugin_symlinks\printing\lib\src\preview\controller.dart"
"class PdfPreviewCustom extends StatefulWidget {","C:\Users\Admin2\Documents\GitHub\primecare-platform\apps\primecare_enterprise_blueprint\windows\flutter\ephemeral\.plugin_symlinks\printing\lib\src\preview\custom.dart"
"class PdfPreviewCustomState extends State<PdfPreviewCustom>","C:\Users\Admin2\Documents\GitHub\primecare-platform\apps\primecare_enterprise_blueprint\windows\flutter\ephemeral\.plugin_symlinks\printing\lib\src\preview\custom.dart"
"class PdfPreviewPageData {","C:\Users\Admin2\Documents\GitHub\primecare-platform\apps\primecare_enterprise_blueprint\windows\flutter\ephemeral\.plugin_symlinks\printing\lib\src\preview\page.dart"
"class PdfPreviewPage extends StatelessWidget {","C:\Users\Admin2\Documents\GitHub\primecare-platform\apps\primecare_enterprise_blueprint\windows\flutter\ephemeral\.plugin_symlinks\printing\lib\src\preview\page.dart"
"class PdfPreview extends StatefulWidget {","C:\Users\Admin2\Documents\GitHub\primecare-platform\apps\primecare_enterprise_blueprint\windows\flutter\ephemeral\.plugin_symlinks\printing\lib\src\preview\pdf_preview.dart"
"class PdfPreviewState extends State<PdfPreview> {","C:\Users\Admin2\Documents\GitHub\primecare-platform\apps\primecare_enterprise_blueprint\windows\flutter\ephemeral\.plugin_symlinks\printing\lib\src\preview\pdf_preview.dart"
"final class _JArrayListView<E extends JObject?>","C:\Users\Admin2\Documents\GitHub\primecare-platform\apps\primecare_franchise\linux\flutter\ephemeral\.plugin_symlinks\jni\lib\src\jarray.dart"
"final class _JBooleanArrayListView","C:\Users\Admin2\Documents\GitHub\primecare-platform\apps\primecare_franchise\linux\flutter\ephemeral\.plugin_symlinks\jni\lib\src\primitive_jarrays.dart"
"final class _JByteArrayListView with ListMixin<int>, NonGrowableListMixin<int> {","C:\Users\Admin2\Documents\GitHub\primecare-platform\apps\primecare_franchise\linux\flutter\ephemeral\.plugin_symlinks\jni\lib\src\primitive_jarrays.dart"
"final class _JCharArrayListView with ListMixin<int>, NonGrowableListMixin<int> {","C:\Users\Admin2\Documents\GitHub\primecare-platform\apps\primecare_franchise\linux\flutter\ephemeral\.plugin_symlinks\jni\lib\src\primitive_jarrays.dart"
"final class _JShortArrayListView","C:\Users\Admin2\Documents\GitHub\primecare-platform\apps\primecare_franchise\linux\flutter\ephemeral\.plugin_symlinks\jni\lib\src\primitive_jarrays.dart"
"final class _JIntArrayListView with ListMixin<int>, NonGrowableListMixin<int> {","C:\Users\Admin2\Documents\GitHub\primecare-platform\apps\primecare_franchise\linux\flutter\ephemeral\.plugin_symlinks\jni\lib\src\primitive_jarrays.dart"
"final class _JLongArrayListView with ListMixin<int>, NonGrowableListMixin<int> {","C:\Users\Admin2\Documents\GitHub\primecare-platform\apps\primecare_franchise\linux\flutter\ephemeral\.plugin_symlinks\jni\lib\src\primitive_jarrays.dart"
"final class _JFloatArrayListView","C:\Users\Admin2\Documents\GitHub\primecare-platform\apps\primecare_franchise\linux\flutter\ephemeral\.plugin_symlinks\jni\lib\src\primitive_jarrays.dart"
"final class _JDoubleArrayListView","C:\Users\Admin2\Documents\GitHub\primecare-platform\apps\primecare_franchise\linux\flutter\ephemeral\.plugin_symlinks\jni\lib\src\primitive_jarrays.dart"
"class PdfPreviewAction extends StatelessWidget {","C:\Users\Admin2\Documents\GitHub\primecare-platform\apps\primecare_franchise\linux\flutter\ephemeral\.plugin_symlinks\printing\lib\src\preview\actions.dart"
"class PdfPreviewData extends ChangeNotifier {","C:\Users\Admin2\Documents\GitHub\primecare-platform\apps\primecare_franchise\linux\flutter\ephemeral\.plugin_symlinks\printing\lib\src\preview\controller.dart"
"class PdfPreviewController extends InheritedNotifier {","C:\Users\Admin2\Documents\GitHub\primecare-platform\apps\primecare_franchise\linux\flutter\ephemeral\.plugin_symlinks\printing\lib\src\preview\controller.dart"
"class PdfPreviewCustom extends StatefulWidget {","C:\Users\Admin2\Documents\GitHub\primecare-platform\apps\primecare_franchise\linux\flutter\ephemeral\.plugin_symlinks\printing\lib\src\preview\custom.dart"
"class PdfPreviewCustomState extends State<PdfPreviewCustom>","C:\Users\Admin2\Documents\GitHub\primecare-platform\apps\primecare_franchise\linux\flutter\ephemeral\.plugin_symlinks\printing\lib\src\preview\custom.dart"
"class PdfPreviewPageData {","C:\Users\Admin2\Documents\GitHub\primecare-platform\apps\primecare_franchise\linux\flutter\ephemeral\.plugin_symlinks\printing\lib\src\preview\page.dart"
"class PdfPreviewPage extends StatelessWidget {","C:\Users\Admin2\Documents\GitHub\primecare-platform\apps\primecare_franchise\linux\flutter\ephemeral\.plugin_symlinks\printing\lib\src\preview\page.dart"
"class PdfPreview extends StatefulWidget {","C:\Users\Admin2\Documents\GitHub\primecare-platform\apps\primecare_franchise\linux\flutter\ephemeral\.plugin_symlinks\printing\lib\src\preview\pdf_preview.dart"
"class PdfPreviewState extends State<PdfPreview> {","C:\Users\Admin2\Documents\GitHub\primecare-platform\apps\primecare_franchise\linux\flutter\ephemeral\.plugin_symlinks\printing\lib\src\preview\pdf_preview.dart"
"final class _JArrayListView<E extends JObject?>","C:\Users\Admin2\Documents\GitHub\primecare-platform\apps\primecare_franchise\windows\flutter\ephemeral\.plugin_symlinks\jni\lib\src\jarray.dart"
"final class _JBooleanArrayListView","C:\Users\Admin2\Documents\GitHub\primecare-platform\apps\primecare_franchise\windows\flutter\ephemeral\.plugin_symlinks\jni\lib\src\primitive_jarrays.dart"
"final class _JByteArrayListView with ListMixin<int>, NonGrowableListMixin<int> {","C:\Users\Admin2\Documents\GitHub\primecare-platform\apps\primecare_franchise\windows\flutter\ephemeral\.plugin_symlinks\jni\lib\src\primitive_jarrays.dart"
"final class _JCharArrayListView with ListMixin<int>, NonGrowableListMixin<int> {","C:\Users\Admin2\Documents\GitHub\primecare-platform\apps\primecare_franchise\windows\flutter\ephemeral\.plugin_symlinks\jni\lib\src\primitive_jarrays.dart"
"final class _JShortArrayListView","C:\Users\Admin2\Documents\GitHub\primecare-platform\apps\primecare_franchise\windows\flutter\ephemeral\.plugin_symlinks\jni\lib\src\primitive_jarrays.dart"
"final class _JIntArrayListView with ListMixin<int>, NonGrowableListMixin<int> {","C:\Users\Admin2\Documents\GitHub\primecare-platform\apps\primecare_franchise\windows\flutter\ephemeral\.plugin_symlinks\jni\lib\src\primitive_jarrays.dart"
"final class _JLongArrayListView with ListMixin<int>, NonGrowableListMixin<int> {","C:\Users\Admin2\Documents\GitHub\primecare-platform\apps\primecare_franchise\windows\flutter\ephemeral\.plugin_symlinks\jni\lib\src\primitive_jarrays.dart"
"final class _JFloatArrayListView","C:\Users\Admin2\Documents\GitHub\primecare-platform\apps\primecare_franchise\windows\flutter\ephemeral\.plugin_symlinks\jni\lib\src\primitive_jarrays.dart"
"final class _JDoubleArrayListView","C:\Users\Admin2\Documents\GitHub\primecare-platform\apps\primecare_franchise\windows\flutter\ephemeral\.plugin_symlinks\jni\lib\src\primitive_jarrays.dart"
"class PdfPreviewAction extends StatelessWidget {","C:\Users\Admin2\Documents\GitHub\primecare-platform\apps\primecare_franchise\windows\flutter\ephemeral\.plugin_symlinks\printing\lib\src\preview\actions.dart"
"class PdfPreviewData extends ChangeNotifier {","C:\Users\Admin2\Documents\GitHub\primecare-platform\apps\primecare_franchise\windows\flutter\ephemeral\.plugin_symlinks\printing\lib\src\preview\controller.dart"
"class PdfPreviewController extends InheritedNotifier {","C:\Users\Admin2\Documents\GitHub\primecare-platform\apps\primecare_franchise\windows\flutter\ephemeral\.plugin_symlinks\printing\lib\src\preview\controller.dart"
"class PdfPreviewCustom extends StatefulWidget {","C:\Users\Admin2\Documents\GitHub\primecare-platform\apps\primecare_franchise\windows\flutter\ephemeral\.plugin_symlinks\printing\lib\src\preview\custom.dart"
"class PdfPreviewCustomState extends State<PdfPreviewCustom>","C:\Users\Admin2\Documents\GitHub\primecare-platform\apps\primecare_franchise\windows\flutter\ephemeral\.plugin_symlinks\printing\lib\src\preview\custom.dart"
"class PdfPreviewPageData {","C:\Users\Admin2\Documents\GitHub\primecare-platform\apps\primecare_franchise\windows\flutter\ephemeral\.plugin_symlinks\printing\lib\src\preview\page.dart"
"class PdfPreviewPage extends StatelessWidget {","C:\Users\Admin2\Documents\GitHub\primecare-platform\apps\primecare_franchise\windows\flutter\ephemeral\.plugin_symlinks\printing\lib\src\preview\page.dart"
"class PdfPreview extends StatefulWidget {","C:\Users\Admin2\Documents\GitHub\primecare-platform\apps\primecare_franchise\windows\flutter\ephemeral\.plugin_symlinks\printing\lib\src\preview\pdf_preview.dart"
"class PdfPreviewState extends State<PdfPreview> {","C:\Users\Admin2\Documents\GitHub\primecare-platform\apps\primecare_franchise\windows\flutter\ephemeral\.plugin_symlinks\printing\lib\src\preview\pdf_preview.dart"
"class GovernancePSWDashboardModule extends PlatformModule {","C:\Users\Admin2\Documents\GitHub\primecare-platform\apps\primecare_governance\lib\core\routing\governance_application.dart"
"class DynamicScreenView extends GovernedStatelessWidget {","C:\Users\Admin2\Documents\GitHub\primecare-platform\apps\primecare_governance\lib\core\ui\dynamic_screen_view.dart"
"class NoAccessScreen extends StatelessWidget {","C:\Users\Admin2\Documents\GitHub\primecare-platform\apps\primecare_governance\lib\core\ui\state_widgets.dart"
"class GovernanceDashboardState {","C:\Users\Admin2\Documents\GitHub\primecare-platform\apps\primecare_governance\lib\governance\controllers\governance_dashboard_controller.dart"
"class GovernanceDashboardController extends AsyncNotifier<GovernanceDashboardState> {","C:\Users\Admin2\Documents\GitHub\primecare-platform\apps\primecare_governance\lib\governance\controllers\governance_dashboard_controller.dart"
"class _ScreenClassVisitor extends RecursiveAstVisitor<void> {","C:\Users\Admin2\Documents\GitHub\primecare-platform\apps\primecare_governance\lib\governance\services\ast_patch_engine.dart"
"class _ScreenRegistryMetadataVisitor extends RecursiveAstVisitor<void> {","C:\Users\Admin2\Documents\GitHub\primecare-platform\apps\primecare_governance\lib\governance\services\cross_subsystem_auditor.dart"
"class GovernanceDashboard extends GovernedScreen {","C:\Users\Admin2\Documents\GitHub\primecare-platform\apps\primecare_governance\lib\governance\widgets\governance_dashboard.dart"
"class _GovernanceDashboardContent extends ConsumerStatefulWidget {","C:\Users\Admin2\Documents\GitHub\primecare-platform\apps\primecare_governance\lib\governance\widgets\governance_dashboard.dart"
"class _GovernanceDashboardContentState","C:\Users\Admin2\Documents\GitHub\primecare-platform\apps\primecare_governance\lib\governance\widgets\governance_dashboard.dart"
"class GovernanceRoleViewer extends ConsumerWidget {","C:\Users\Admin2\Documents\GitHub\primecare-platform\apps\primecare_governance\lib\governance\widgets\governance_role_viewer.dart"
"class PlatformDiscoveryViewer extends ConsumerStatefulWidget {","C:\Users\Admin2\Documents\GitHub\primecare-platform\apps\primecare_governance\lib\governance\widgets\platform_discovery_viewer.dart"
"class _PlatformDiscoveryViewerState extends ConsumerState<PlatformDiscoveryViewer> {","C:\Users\Admin2\Documents\GitHub\primecare-platform\apps\primecare_governance\lib\governance\widgets\platform_discovery_viewer.dart"
"class PlatformReadinessViewer extends StatelessWidget {","C:\Users\Admin2\Documents\GitHub\primecare-platform\apps\primecare_governance\lib\governance\widgets\platform_readiness_viewer.dart"
"final class _JArrayListView<E extends JObject?>","C:\Users\Admin2\Documents\GitHub\primecare-platform\apps\primecare_governance\linux\flutter\ephemeral\.plugin_symlinks\jni\lib\src\jarray.dart"
"final class _JBooleanArrayListView","C:\Users\Admin2\Documents\GitHub\primecare-platform\apps\primecare_governance\linux\flutter\ephemeral\.plugin_symlinks\jni\lib\src\primitive_jarrays.dart"
"final class _JByteArrayListView with ListMixin<int>, NonGrowableListMixin<int> {","C:\Users\Admin2\Documents\GitHub\primecare-platform\apps\primecare_governance\linux\flutter\ephemeral\.plugin_symlinks\jni\lib\src\primitive_jarrays.dart"
"final class _JCharArrayListView with ListMixin<int>, NonGrowableListMixin<int> {","C:\Users\Admin2\Documents\GitHub\primecare-platform\apps\primecare_governance\linux\flutter\ephemeral\.plugin_symlinks\jni\lib\src\primitive_jarrays.dart"
"final class _JShortArrayListView","C:\Users\Admin2\Documents\GitHub\primecare-platform\apps\primecare_governance\linux\flutter\ephemeral\.plugin_symlinks\jni\lib\src\primitive_jarrays.dart"
"final class _JIntArrayListView with ListMixin<int>, NonGrowableListMixin<int> {","C:\Users\Admin2\Documents\GitHub\primecare-platform\apps\primecare_governance\linux\flutter\ephemeral\.plugin_symlinks\jni\lib\src\primitive_jarrays.dart"
"final class _JLongArrayListView with ListMixin<int>, NonGrowableListMixin<int> {","C:\Users\Admin2\Documents\GitHub\primecare-platform\apps\primecare_governance\linux\flutter\ephemeral\.plugin_symlinks\jni\lib\src\primitive_jarrays.dart"
"final class _JFloatArrayListView","C:\Users\Admin2\Documents\GitHub\primecare-platform\apps\primecare_governance\linux\flutter\ephemeral\.plugin_symlinks\jni\lib\src\primitive_jarrays.dart"
"final class _JDoubleArrayListView","C:\Users\Admin2\Documents\GitHub\primecare-platform\apps\primecare_governance\linux\flutter\ephemeral\.plugin_symlinks\jni\lib\src\primitive_jarrays.dart"
"class PdfPreviewAction extends StatelessWidget {","C:\Users\Admin2\Documents\GitHub\primecare-platform\apps\primecare_governance\linux\flutter\ephemeral\.plugin_symlinks\printing\lib\src\preview\actions.dart"
"class PdfPreviewData extends ChangeNotifier {","C:\Users\Admin2\Documents\GitHub\primecare-platform\apps\primecare_governance\linux\flutter\ephemeral\.plugin_symlinks\printing\lib\src\preview\controller.dart"
"class PdfPreviewController extends InheritedNotifier {","C:\Users\Admin2\Documents\GitHub\primecare-platform\apps\primecare_governance\linux\flutter\ephemeral\.plugin_symlinks\printing\lib\src\preview\controller.dart"
"class PdfPreviewCustom extends StatefulWidget {","C:\Users\Admin2\Documents\GitHub\primecare-platform\apps\primecare_governance\linux\flutter\ephemeral\.plugin_symlinks\printing\lib\src\preview\custom.dart"
"class PdfPreviewCustomState extends State<PdfPreviewCustom>","C:\Users\Admin2\Documents\GitHub\primecare-platform\apps\primecare_governance\linux\flutter\ephemeral\.plugin_symlinks\printing\lib\src\preview\custom.dart"
"class PdfPreviewPageData {","C:\Users\Admin2\Documents\GitHub\primecare-platform\apps\primecare_governance\linux\flutter\ephemeral\.plugin_symlinks\printing\lib\src\preview\page.dart"
"class PdfPreviewPage extends StatelessWidget {","C:\Users\Admin2\Documents\GitHub\primecare-platform\apps\primecare_governance\linux\flutter\ephemeral\.plugin_symlinks\printing\lib\src\preview\page.dart"
"class PdfPreview extends StatefulWidget {","C:\Users\Admin2\Documents\GitHub\primecare-platform\apps\primecare_governance\linux\flutter\ephemeral\.plugin_symlinks\printing\lib\src\preview\pdf_preview.dart"
"class PdfPreviewState extends State<PdfPreview> {","C:\Users\Admin2\Documents\GitHub\primecare-platform\apps\primecare_governance\linux\flutter\ephemeral\.plugin_symlinks\printing\lib\src\preview\pdf_preview.dart"
"final class _JArrayListView<E extends JObject?>","C:\Users\Admin2\Documents\GitHub\primecare-platform\apps\primecare_governance\windows\flutter\ephemeral\.plugin_symlinks\jni\lib\src\jarray.dart"
"final class _JBooleanArrayListView","C:\Users\Admin2\Documents\GitHub\primecare-platform\apps\primecare_governance\windows\flutter\ephemeral\.plugin_symlinks\jni\lib\src\primitive_jarrays.dart"
"final class _JByteArrayListView with ListMixin<int>, NonGrowableListMixin<int> {","C:\Users\Admin2\Documents\GitHub\primecare-platform\apps\primecare_governance\windows\flutter\ephemeral\.plugin_symlinks\jni\lib\src\primitive_jarrays.dart"
"final class _JCharArrayListView with ListMixin<int>, NonGrowableListMixin<int> {","C:\Users\Admin2\Documents\GitHub\primecare-platform\apps\primecare_governance\windows\flutter\ephemeral\.plugin_symlinks\jni\lib\src\primitive_jarrays.dart"
"final class _JShortArrayListView","C:\Users\Admin2\Documents\GitHub\primecare-platform\apps\primecare_governance\windows\flutter\ephemeral\.plugin_symlinks\jni\lib\src\primitive_jarrays.dart"
"final class _JIntArrayListView with ListMixin<int>, NonGrowableListMixin<int> {","C:\Users\Admin2\Documents\GitHub\primecare-platform\apps\primecare_governance\windows\flutter\ephemeral\.plugin_symlinks\jni\lib\src\primitive_jarrays.dart"
"final class _JLongArrayListView with ListMixin<int>, NonGrowableListMixin<int> {","C:\Users\Admin2\Documents\GitHub\primecare-platform\apps\primecare_governance\windows\flutter\ephemeral\.plugin_symlinks\jni\lib\src\primitive_jarrays.dart"
"final class _JFloatArrayListView","C:\Users\Admin2\Documents\GitHub\primecare-platform\apps\primecare_governance\windows\flutter\ephemeral\.plugin_symlinks\jni\lib\src\primitive_jarrays.dart"
"final class _JDoubleArrayListView","C:\Users\Admin2\Documents\GitHub\primecare-platform\apps\primecare_governance\windows\flutter\ephemeral\.plugin_symlinks\jni\lib\src\primitive_jarrays.dart"
"class PdfPreviewAction extends StatelessWidget {","C:\Users\Admin2\Documents\GitHub\primecare-platform\apps\primecare_governance\windows\flutter\ephemeral\.plugin_symlinks\printing\lib\src\preview\actions.dart"
"class PdfPreviewData extends ChangeNotifier {","C:\Users\Admin2\Documents\GitHub\primecare-platform\apps\primecare_governance\windows\flutter\ephemeral\.plugin_symlinks\printing\lib\src\preview\controller.dart"
"class PdfPreviewController extends InheritedNotifier {","C:\Users\Admin2\Documents\GitHub\primecare-platform\apps\primecare_governance\windows\flutter\ephemeral\.plugin_symlinks\printing\lib\src\preview\controller.dart"
"class PdfPreviewCustom extends StatefulWidget {","C:\Users\Admin2\Documents\GitHub\primecare-platform\apps\primecare_governance\windows\flutter\ephemeral\.plugin_symlinks\printing\lib\src\preview\custom.dart"
"class PdfPreviewCustomState extends State<PdfPreviewCustom>","C:\Users\Admin2\Documents\GitHub\primecare-platform\apps\primecare_governance\windows\flutter\ephemeral\.plugin_symlinks\printing\lib\src\preview\custom.dart"
"class PdfPreviewPageData {","C:\Users\Admin2\Documents\GitHub\primecare-platform\apps\primecare_governance\windows\flutter\ephemeral\.plugin_symlinks\printing\lib\src\preview\page.dart"
"class PdfPreviewPage extends StatelessWidget {","C:\Users\Admin2\Documents\GitHub\primecare-platform\apps\primecare_governance\windows\flutter\ephemeral\.plugin_symlinks\printing\lib\src\preview\page.dart"
"class PdfPreview extends StatefulWidget {","C:\Users\Admin2\Documents\GitHub\primecare-platform\apps\primecare_governance\windows\flutter\ephemeral\.plugin_symlinks\printing\lib\src\preview\pdf_preview.dart"
"class PdfPreviewState extends State<PdfPreview> {","C:\Users\Admin2\Documents\GitHub\primecare-platform\apps\primecare_governance\windows\flutter\ephemeral\.plugin_symlinks\printing\lib\src\preview\pdf_preview.dart"
"final class _JArrayListView<E extends JObject?>","C:\Users\Admin2\Documents\GitHub\primecare-platform\apps\primecare_marketing\linux\flutter\ephemeral\.plugin_symlinks\jni\lib\src\jarray.dart"
"final class _JBooleanArrayListView","C:\Users\Admin2\Documents\GitHub\primecare-platform\apps\primecare_marketing\linux\flutter\ephemeral\.plugin_symlinks\jni\lib\src\primitive_jarrays.dart"
"final class _JByteArrayListView with ListMixin<int>, NonGrowableListMixin<int> {","C:\Users\Admin2\Documents\GitHub\primecare-platform\apps\primecare_marketing\linux\flutter\ephemeral\.plugin_symlinks\jni\lib\src\primitive_jarrays.dart"
"final class _JCharArrayListView with ListMixin<int>, NonGrowableListMixin<int> {","C:\Users\Admin2\Documents\GitHub\primecare-platform\apps\primecare_marketing\linux\flutter\ephemeral\.plugin_symlinks\jni\lib\src\primitive_jarrays.dart"
"final class _JShortArrayListView","C:\Users\Admin2\Documents\GitHub\primecare-platform\apps\primecare_marketing\linux\flutter\ephemeral\.plugin_symlinks\jni\lib\src\primitive_jarrays.dart"
"final class _JIntArrayListView with ListMixin<int>, NonGrowableListMixin<int> {","C:\Users\Admin2\Documents\GitHub\primecare-platform\apps\primecare_marketing\linux\flutter\ephemeral\.plugin_symlinks\jni\lib\src\primitive_jarrays.dart"
"final class _JLongArrayListView with ListMixin<int>, NonGrowableListMixin<int> {","C:\Users\Admin2\Documents\GitHub\primecare-platform\apps\primecare_marketing\linux\flutter\ephemeral\.plugin_symlinks\jni\lib\src\primitive_jarrays.dart"
"final class _JFloatArrayListView","C:\Users\Admin2\Documents\GitHub\primecare-platform\apps\primecare_marketing\linux\flutter\ephemeral\.plugin_symlinks\jni\lib\src\primitive_jarrays.dart"
"final class _JDoubleArrayListView","C:\Users\Admin2\Documents\GitHub\primecare-platform\apps\primecare_marketing\linux\flutter\ephemeral\.plugin_symlinks\jni\lib\src\primitive_jarrays.dart"
"class PdfPreviewAction extends StatelessWidget {","C:\Users\Admin2\Documents\GitHub\primecare-platform\apps\primecare_marketing\linux\flutter\ephemeral\.plugin_symlinks\printing\lib\src\preview\actions.dart"
"class PdfPreviewData extends ChangeNotifier {","C:\Users\Admin2\Documents\GitHub\primecare-platform\apps\primecare_marketing\linux\flutter\ephemeral\.plugin_symlinks\printing\lib\src\preview\controller.dart"
"class PdfPreviewController extends InheritedNotifier {","C:\Users\Admin2\Documents\GitHub\primecare-platform\apps\primecare_marketing\linux\flutter\ephemeral\.plugin_symlinks\printing\lib\src\preview\controller.dart"
"class PdfPreviewCustom extends StatefulWidget {","C:\Users\Admin2\Documents\GitHub\primecare-platform\apps\primecare_marketing\linux\flutter\ephemeral\.plugin_symlinks\printing\lib\src\preview\custom.dart"
"class PdfPreviewCustomState extends State<PdfPreviewCustom>","C:\Users\Admin2\Documents\GitHub\primecare-platform\apps\primecare_marketing\linux\flutter\ephemeral\.plugin_symlinks\printing\lib\src\preview\custom.dart"
"class PdfPreviewPageData {","C:\Users\Admin2\Documents\GitHub\primecare-platform\apps\primecare_marketing\linux\flutter\ephemeral\.plugin_symlinks\printing\lib\src\preview\page.dart"
"class PdfPreviewPage extends StatelessWidget {","C:\Users\Admin2\Documents\GitHub\primecare-platform\apps\primecare_marketing\linux\flutter\ephemeral\.plugin_symlinks\printing\lib\src\preview\page.dart"
"class PdfPreview extends StatefulWidget {","C:\Users\Admin2\Documents\GitHub\primecare-platform\apps\primecare_marketing\linux\flutter\ephemeral\.plugin_symlinks\printing\lib\src\preview\pdf_preview.dart"
"class PdfPreviewState extends State<PdfPreview> {","C:\Users\Admin2\Documents\GitHub\primecare-platform\apps\primecare_marketing\linux\flutter\ephemeral\.plugin_symlinks\printing\lib\src\preview\pdf_preview.dart"
"final class _JArrayListView<E extends JObject?>","C:\Users\Admin2\Documents\GitHub\primecare-platform\apps\primecare_marketing\windows\flutter\ephemeral\.plugin_symlinks\jni\lib\src\jarray.dart"
"final class _JBooleanArrayListView","C:\Users\Admin2\Documents\GitHub\primecare-platform\apps\primecare_marketing\windows\flutter\ephemeral\.plugin_symlinks\jni\lib\src\primitive_jarrays.dart"
"final class _JByteArrayListView with ListMixin<int>, NonGrowableListMixin<int> {","C:\Users\Admin2\Documents\GitHub\primecare-platform\apps\primecare_marketing\windows\flutter\ephemeral\.plugin_symlinks\jni\lib\src\primitive_jarrays.dart"
"final class _JCharArrayListView with ListMixin<int>, NonGrowableListMixin<int> {","C:\Users\Admin2\Documents\GitHub\primecare-platform\apps\primecare_marketing\windows\flutter\ephemeral\.plugin_symlinks\jni\lib\src\primitive_jarrays.dart"
"final class _JShortArrayListView","C:\Users\Admin2\Documents\GitHub\primecare-platform\apps\primecare_marketing\windows\flutter\ephemeral\.plugin_symlinks\jni\lib\src\primitive_jarrays.dart"
"final class _JIntArrayListView with ListMixin<int>, NonGrowableListMixin<int> {","C:\Users\Admin2\Documents\GitHub\primecare-platform\apps\primecare_marketing\windows\flutter\ephemeral\.plugin_symlinks\jni\lib\src\primitive_jarrays.dart"
"final class _JLongArrayListView with ListMixin<int>, NonGrowableListMixin<int> {","C:\Users\Admin2\Documents\GitHub\primecare-platform\apps\primecare_marketing\windows\flutter\ephemeral\.plugin_symlinks\jni\lib\src\primitive_jarrays.dart"
"final class _JFloatArrayListView","C:\Users\Admin2\Documents\GitHub\primecare-platform\apps\primecare_marketing\windows\flutter\ephemeral\.plugin_symlinks\jni\lib\src\primitive_jarrays.dart"
"final class _JDoubleArrayListView","C:\Users\Admin2\Documents\GitHub\primecare-platform\apps\primecare_marketing\windows\flutter\ephemeral\.plugin_symlinks\jni\lib\src\primitive_jarrays.dart"
"class PdfPreviewAction extends StatelessWidget {","C:\Users\Admin2\Documents\GitHub\primecare-platform\apps\primecare_marketing\windows\flutter\ephemeral\.plugin_symlinks\printing\lib\src\preview\actions.dart"
"class PdfPreviewData extends ChangeNotifier {","C:\Users\Admin2\Documents\GitHub\primecare-platform\apps\primecare_marketing\windows\flutter\ephemeral\.plugin_symlinks\printing\lib\src\preview\controller.dart"
"class PdfPreviewController extends InheritedNotifier {","C:\Users\Admin2\Documents\GitHub\primecare-platform\apps\primecare_marketing\windows\flutter\ephemeral\.plugin_symlinks\printing\lib\src\preview\controller.dart"
"class PdfPreviewCustom extends StatefulWidget {","C:\Users\Admin2\Documents\GitHub\primecare-platform\apps\primecare_marketing\windows\flutter\ephemeral\.plugin_symlinks\printing\lib\src\preview\custom.dart"
"class PdfPreviewCustomState extends State<PdfPreviewCustom>","C:\Users\Admin2\Documents\GitHub\primecare-platform\apps\primecare_marketing\windows\flutter\ephemeral\.plugin_symlinks\printing\lib\src\preview\custom.dart"
"class PdfPreviewPageData {","C:\Users\Admin2\Documents\GitHub\primecare-platform\apps\primecare_marketing\windows\flutter\ephemeral\.plugin_symlinks\printing\lib\src\preview\page.dart"
"class PdfPreviewPage extends StatelessWidget {","C:\Users\Admin2\Documents\GitHub\primecare-platform\apps\primecare_marketing\windows\flutter\ephemeral\.plugin_symlinks\printing\lib\src\preview\page.dart"
"class PdfPreview extends StatefulWidget {","C:\Users\Admin2\Documents\GitHub\primecare-platform\apps\primecare_marketing\windows\flutter\ephemeral\.plugin_symlinks\printing\lib\src\preview\pdf_preview.dart"
"class PdfPreviewState extends State<PdfPreview> {","C:\Users\Admin2\Documents\GitHub\primecare-platform\apps\primecare_marketing\windows\flutter\ephemeral\.plugin_symlinks\printing\lib\src\preview\pdf_preview.dart"
"final class _JArrayListView<E extends JObject?>","C:\Users\Admin2\Documents\GitHub\primecare-platform\apps\primecare_support\linux\flutter\ephemeral\.plugin_symlinks\jni\lib\src\jarray.dart"
"final class _JBooleanArrayListView","C:\Users\Admin2\Documents\GitHub\primecare-platform\apps\primecare_support\linux\flutter\ephemeral\.plugin_symlinks\jni\lib\src\primitive_jarrays.dart"
"final class _JByteArrayListView with ListMixin<int>, NonGrowableListMixin<int> {","C:\Users\Admin2\Documents\GitHub\primecare-platform\apps\primecare_support\linux\flutter\ephemeral\.plugin_symlinks\jni\lib\src\primitive_jarrays.dart"
"final class _JCharArrayListView with ListMixin<int>, NonGrowableListMixin<int> {","C:\Users\Admin2\Documents\GitHub\primecare-platform\apps\primecare_support\linux\flutter\ephemeral\.plugin_symlinks\jni\lib\src\primitive_jarrays.dart"
"final class _JShortArrayListView","C:\Users\Admin2\Documents\GitHub\primecare-platform\apps\primecare_support\linux\flutter\ephemeral\.plugin_symlinks\jni\lib\src\primitive_jarrays.dart"
"final class _JIntArrayListView with ListMixin<int>, NonGrowableListMixin<int> {","C:\Users\Admin2\Documents\GitHub\primecare-platform\apps\primecare_support\linux\flutter\ephemeral\.plugin_symlinks\jni\lib\src\primitive_jarrays.dart"
"final class _JLongArrayListView with ListMixin<int>, NonGrowableListMixin<int> {","C:\Users\Admin2\Documents\GitHub\primecare-platform\apps\primecare_support\linux\flutter\ephemeral\.plugin_symlinks\jni\lib\src\primitive_jarrays.dart"
"final class _JFloatArrayListView","C:\Users\Admin2\Documents\GitHub\primecare-platform\apps\primecare_support\linux\flutter\ephemeral\.plugin_symlinks\jni\lib\src\primitive_jarrays.dart"
"final class _JDoubleArrayListView","C:\Users\Admin2\Documents\GitHub\primecare-platform\apps\primecare_support\linux\flutter\ephemeral\.plugin_symlinks\jni\lib\src\primitive_jarrays.dart"
"class PdfPreviewAction extends StatelessWidget {","C:\Users\Admin2\Documents\GitHub\primecare-platform\apps\primecare_support\linux\flutter\ephemeral\.plugin_symlinks\printing\lib\src\preview\actions.dart"
"class PdfPreviewData extends ChangeNotifier {","C:\Users\Admin2\Documents\GitHub\primecare-platform\apps\primecare_support\linux\flutter\ephemeral\.plugin_symlinks\printing\lib\src\preview\controller.dart"
"class PdfPreviewController extends InheritedNotifier {","C:\Users\Admin2\Documents\GitHub\primecare-platform\apps\primecare_support\linux\flutter\ephemeral\.plugin_symlinks\printing\lib\src\preview\controller.dart"
"class PdfPreviewCustom extends StatefulWidget {","C:\Users\Admin2\Documents\GitHub\primecare-platform\apps\primecare_support\linux\flutter\ephemeral\.plugin_symlinks\printing\lib\src\preview\custom.dart"
"class PdfPreviewCustomState extends State<PdfPreviewCustom>","C:\Users\Admin2\Documents\GitHub\primecare-platform\apps\primecare_support\linux\flutter\ephemeral\.plugin_symlinks\printing\lib\src\preview\custom.dart"
"class PdfPreviewPageData {","C:\Users\Admin2\Documents\GitHub\primecare-platform\apps\primecare_support\linux\flutter\ephemeral\.plugin_symlinks\printing\lib\src\preview\page.dart"
"class PdfPreviewPage extends StatelessWidget {","C:\Users\Admin2\Documents\GitHub\primecare-platform\apps\primecare_support\linux\flutter\ephemeral\.plugin_symlinks\printing\lib\src\preview\page.dart"
"class PdfPreview extends StatefulWidget {","C:\Users\Admin2\Documents\GitHub\primecare-platform\apps\primecare_support\linux\flutter\ephemeral\.plugin_symlinks\printing\lib\src\preview\pdf_preview.dart"
"class PdfPreviewState extends State<PdfPreview> {","C:\Users\Admin2\Documents\GitHub\primecare-platform\apps\primecare_support\linux\flutter\ephemeral\.plugin_symlinks\printing\lib\src\preview\pdf_preview.dart"
"final class _JArrayListView<E extends JObject?>","C:\Users\Admin2\Documents\GitHub\primecare-platform\apps\primecare_support\windows\flutter\ephemeral\.plugin_symlinks\jni\lib\src\jarray.dart"
"final class _JBooleanArrayListView","C:\Users\Admin2\Documents\GitHub\primecare-platform\apps\primecare_support\windows\flutter\ephemeral\.plugin_symlinks\jni\lib\src\primitive_jarrays.dart"
"final class _JByteArrayListView with ListMixin<int>, NonGrowableListMixin<int> {","C:\Users\Admin2\Documents\GitHub\primecare-platform\apps\primecare_support\windows\flutter\ephemeral\.plugin_symlinks\jni\lib\src\primitive_jarrays.dart"
"final class _JCharArrayListView with ListMixin<int>, NonGrowableListMixin<int> {","C:\Users\Admin2\Documents\GitHub\primecare-platform\apps\primecare_support\windows\flutter\ephemeral\.plugin_symlinks\jni\lib\src\primitive_jarrays.dart"
"final class _JShortArrayListView","C:\Users\Admin2\Documents\GitHub\primecare-platform\apps\primecare_support\windows\flutter\ephemeral\.plugin_symlinks\jni\lib\src\primitive_jarrays.dart"
"final class _JIntArrayListView with ListMixin<int>, NonGrowableListMixin<int> {","C:\Users\Admin2\Documents\GitHub\primecare-platform\apps\primecare_support\windows\flutter\ephemeral\.plugin_symlinks\jni\lib\src\primitive_jarrays.dart"
"final class _JLongArrayListView with ListMixin<int>, NonGrowableListMixin<int> {","C:\Users\Admin2\Documents\GitHub\primecare-platform\apps\primecare_support\windows\flutter\ephemeral\.plugin_symlinks\jni\lib\src\primitive_jarrays.dart"
"final class _JFloatArrayListView","C:\Users\Admin2\Documents\GitHub\primecare-platform\apps\primecare_support\windows\flutter\ephemeral\.plugin_symlinks\jni\lib\src\primitive_jarrays.dart"
"final class _JDoubleArrayListView","C:\Users\Admin2\Documents\GitHub\primecare-platform\apps\primecare_support\windows\flutter\ephemeral\.plugin_symlinks\jni\lib\src\primitive_jarrays.dart"
"class PdfPreviewAction extends StatelessWidget {","C:\Users\Admin2\Documents\GitHub\primecare-platform\apps\primecare_support\windows\flutter\ephemeral\.plugin_symlinks\printing\lib\src\preview\actions.dart"
"class PdfPreviewData extends ChangeNotifier {","C:\Users\Admin2\Documents\GitHub\primecare-platform\apps\primecare_support\windows\flutter\ephemeral\.plugin_symlinks\printing\lib\src\preview\controller.dart"
"class PdfPreviewController extends InheritedNotifier {","C:\Users\Admin2\Documents\GitHub\primecare-platform\apps\primecare_support\windows\flutter\ephemeral\.plugin_symlinks\printing\lib\src\preview\controller.dart"
"class PdfPreviewCustom extends StatefulWidget {","C:\Users\Admin2\Documents\GitHub\primecare-platform\apps\primecare_support\windows\flutter\ephemeral\.plugin_symlinks\printing\lib\src\preview\custom.dart"
"class PdfPreviewCustomState extends State<PdfPreviewCustom>","C:\Users\Admin2\Documents\GitHub\primecare-platform\apps\primecare_support\windows\flutter\ephemeral\.plugin_symlinks\printing\lib\src\preview\custom.dart"
"class PdfPreviewPageData {","C:\Users\Admin2\Documents\GitHub\primecare-platform\apps\primecare_support\windows\flutter\ephemeral\.plugin_symlinks\printing\lib\src\preview\page.dart"
"class PdfPreviewPage extends StatelessWidget {","C:\Users\Admin2\Documents\GitHub\primecare-platform\apps\primecare_support\windows\flutter\ephemeral\.plugin_symlinks\printing\lib\src\preview\page.dart"
"class PdfPreview extends StatefulWidget {","C:\Users\Admin2\Documents\GitHub\primecare-platform\apps\primecare_support\windows\flutter\ephemeral\.plugin_symlinks\printing\lib\src\preview\pdf_preview.dart"
"class PdfPreviewState extends State<PdfPreview> {","C:\Users\Admin2\Documents\GitHub\primecare-platform\apps\primecare_support\windows\flutter\ephemeral\.plugin_symlinks\printing\lib\src\preview\pdf_preview.dart"
"class PrimeCareScreen extends AppScreenIntent {","C:\Users\Admin2\Documents\GitHub\primecare-platform\packages\flutter_core\lib\models\screen.dart"
"class DefaultNotImplementedView extends StatelessWidget {","C:\Users\Admin2\Documents\GitHub\primecare-platform\packages\flutter_core\lib\models\screen.dart"
"abstract class AppScreenIntent {","C:\Users\Admin2\Documents\GitHub\primecare-platform\packages\flutter_core\lib\registry\intents\app_screen_intent.dart"
"class PlatformScreenRegistry {","C:\Users\Admin2\Documents\GitHub\primecare-platform\packages\flutter_core\lib\registry\platform_screen_registry.dart"
"class SsoRedirectView extends StatefulWidget {","C:\Users\Admin2\Documents\GitHub\primecare-platform\packages\flutter_core\lib\routes\sso_redirect_view.dart"
"class _SsoRedirectViewState extends State<SsoRedirectView> {","C:\Users\Admin2\Documents\GitHub\primecare-platform\packages\flutter_core\lib\routes\sso_redirect_view.dart"
"abstract class GovernedScreen extends ConsumerWidget {","C:\Users\Admin2\Documents\GitHub\primecare-platform\packages\flutter_core\lib\src\domain\platform_hierarchy.dart"
"class ClinicalIntelligenceViewModel {","C:\Users\Admin2\Documents\GitHub\primecare-platform\packages\flutter_core\lib\src\models\dashboard_models.dart"
"class PrimeCareDashboardViewModel {","C:\Users\Admin2\Documents\GitHub\primecare-platform\packages\flutter_core\lib\src\models\dashboard_models.dart"
"class PswDashboardData {","C:\Users\Admin2\Documents\GitHub\primecare-platform\packages\flutter_core\lib\src\models\psw_models.dart"
"class DynamicScreenAdapter {","C:\Users\Admin2\Documents\GitHub\primecare-platform\packages\flutter_core\lib\src\registry\dynamic_adapter_resolver.dart"
"class AuraDashboardToggleNotifier extends Notifier<Map<String, bool>> {","C:\Users\Admin2\Documents\GitHub\primecare-platform\packages\flutter_core\lib\dashboard_providers.dart"
"class ForgotPasswordView extends GovernedScreen {","C:\Users\Admin2\Documents\GitHub\primecare-platform\packages\primecare_ui\lib\src\features\auth\forgot_password_view.dart"
"class LoginView extends GovernedScreen {","C:\Users\Admin2\Documents\GitHub\primecare-platform\packages\primecare_ui\lib\src\features\auth\login_view.dart"
"class MfaView extends GovernedScreen {","C:\Users\Admin2\Documents\GitHub\primecare-platform\packages\primecare_ui\lib\src\features\auth\mfa_view.dart"
"class ResetPasswordView extends GovernedScreen {","C:\Users\Admin2\Documents\GitHub\primecare-platform\packages\primecare_ui\lib\src\features\auth\reset_password_view.dart"
"class ReviewFleetMaintenanceFormViewModel extends PrimeCareViewModel {","C:\Users\Admin2\Documents\GitHub\primecare-platform\packages\primecare_ui\lib\src\features\common_forms\domain\review_fleet_maintenance_form_view_model.dart"
"class ScheduleFacilityMaintenanceFormViewModel extends PrimeCareViewModel {","C:\Users\Admin2\Documents\GitHub\primecare-platform\packages\primecare_ui\lib\src\features\common_forms\domain\schedule_facility_maintenance_form_view_model.dart"
"class MainProjectSelectionViewModel extends PrimeCareViewModel {","C:\Users\Admin2\Documents\GitHub\primecare-platform\packages\primecare_ui\lib\src\features\common_ui\domain\main_project_selection_view_model.dart"
"abstract class IntegratedDashboardManager","C:\Users\Admin2\Documents\GitHub\primecare-platform\packages\primecare_ui\lib\src\governance\dashboard_infrastructure.dart"
"class IntelligenceDashboardModel {","C:\Users\Admin2\Documents\GitHub\primecare-platform\packages\primecare_ui\lib\src\governance\dashboard_infrastructure.dart"
"class SignInView extends ConsumerStatefulWidget {","C:\Users\Admin2\Documents\GitHub\primecare-platform\packages\primecare_ui\lib\src\screens\common\shared_screen_stubs.dart"
"class _SignInViewState extends ConsumerState<SignInView> {","C:\Users\Admin2\Documents\GitHub\primecare-platform\packages\primecare_ui\lib\src\screens\common\shared_screen_stubs.dart"
"class ScreenNotImplementedView extends StatelessWidget {","C:\Users\Admin2\Documents\GitHub\primecare-platform\packages\primecare_ui\lib\src\screens\common\shared_screen_stubs.dart"
"class PswMessagesScreen extends ConsumerWidget {","C:\Users\Admin2\Documents\GitHub\primecare-platform\packages\primecare_ui\lib\src\screens\psw\psw_messages_screen.dart"
"class PswVisitNotesScreen extends ConsumerWidget {","C:\Users\Admin2\Documents\GitHub\primecare-platform\packages\primecare_ui\lib\src\screens\psw\psw_visit_notes_screen.dart"
"abstract class PrimeCareViewModel extends Equatable {","C:\Users\Admin2\Documents\GitHub\primecare-platform\packages\primecare_ui\lib\src\shared\primecare_adapters.dart"
